,time,Average speed (km/h),Distance travelled (km),Engine RPM (rpm),Fuel used (L),Vehicle speed (km/h)
0,12:17,9.870081516662465,0.1279919630783951,3548.2127659574467,0.09334180186347084,15.275
25,12:18,9.870081516662465,0.1279919630783951,5012.0,0.0534974910450128,15.275
95,12:21,9.870081516662465,0.1279919630783951,3548.2127659574467,0.09334180186347084,15.275
